-- phpMyAdmin SQL Dump
-- version 5.2.1
-- https://www.phpmyadmin.net/
--
-- Servidor: 127.0.0.1
-- Tiempo de generación: 07-10-2023 a las 22:21:20
-- Versión del servidor: 10.4.28-MariaDB
-- Versión de PHP: 8.2.4

SET SQL_MODE = "NO_AUTO_VALUE_ON_ZERO";
START TRANSACTION;
SET time_zone = "+00:00";


/*!40101 SET @OLD_CHARACTER_SET_CLIENT=@@CHARACTER_SET_CLIENT */;
/*!40101 SET @OLD_CHARACTER_SET_RESULTS=@@CHARACTER_SET_RESULTS */;
/*!40101 SET @OLD_COLLATION_CONNECTION=@@COLLATION_CONNECTION */;
/*!40101 SET NAMES utf8mb4 */;

--
-- Base de datos: `registro`
--

-- --------------------------------------------------------

--
-- Estructura de tabla para la tabla `alumno`
--

CREATE TABLE `alumno` (
  `idAlumno` int(11) NOT NULL,
  `dni` int(11) NOT NULL,
  `apellido` varchar(100) NOT NULL,
  `nombre` varchar(100) NOT NULL,
  `fechaNacimiento` date NOT NULL,
  `estado` tinyint(1) NOT NULL
) ENGINE=InnoDB DEFAULT CHARSET=utf8mb4 COLLATE=utf8mb4_general_ci;

--
-- Volcado de datos para la tabla `alumno`
--

INSERT INTO `alumno` (`idAlumno`, `dni`, `apellido`, `nombre`, `fechaNacimiento`, `estado`) VALUES
(5, 33333333, 'Lopez', 'Jose', '2005-05-31', 1),
(6, 22222222, 'Funes', 'Hernan', '1995-08-09', 1),
(7, 11111111, 'Fuentes', 'Franco', '1995-08-09', 1);

-- --------------------------------------------------------

--
-- Estructura de tabla para la tabla `inscripcion`
--

CREATE TABLE `inscripcion` (
  `idInscripto` int(11) NOT NULL,
  `nota` int(11) NOT NULL,
  `idAlumno` int(11) NOT NULL,
  `idMateria` int(11) NOT NULL
) ENGINE=InnoDB DEFAULT CHARSET=utf8mb4 COLLATE=utf8mb4_general_ci;

--
-- Volcado de datos para la tabla `inscripcion`
--

INSERT INTO `inscripcion` (`idInscripto`, `nota`, `idAlumno`, `idMateria`) VALUES
(14, 5, 5, 4),
(15, 7, 6, 2),
(16, 8, 6, 3),
(17, 10, 7, 4),
(18, 9, 7, 1);

-- --------------------------------------------------------

--
-- Estructura de tabla para la tabla `materia`
--

CREATE TABLE `materia` (
  `idMateria` int(11) NOT NULL,
  `nombre` varchar(100) NOT NULL,
  `año` int(11) NOT NULL,
  `estado` tinyint(1) NOT NULL
) ENGINE=InnoDB DEFAULT CHARSET=utf8mb4 COLLATE=utf8mb4_general_ci;

--
-- Volcado de datos para la tabla `materia`
--

INSERT INTO `materia` (`idMateria`, `nombre`, `año`, `estado`) VALUES
(1, 'Matematica', 1, 1),
(2, 'Laboratorio', 2, 1),
(3, 'EDA', 2, 1),
(4, 'web 1', 3, 1);

--
-- Índices para tablas volcadas
--

--
-- Indices de la tabla `alumno`
--
ALTER TABLE `alumno`
  ADD PRIMARY KEY (`idAlumno`,`dni`);

--
-- Indices de la tabla `inscripcion`
--
ALTER TABLE `inscripcion`
  ADD PRIMARY KEY (`idInscripto`),
  ADD KEY `idAlumno` (`idAlumno`),
  ADD KEY `idMateria` (`idMateria`);

--
-- Indices de la tabla `materia`
--
ALTER TABLE `materia`
  ADD PRIMARY KEY (`idMateria`,`nombre`);

--
-- AUTO_INCREMENT de las tablas volcadas
--

--
-- AUTO_INCREMENT de la tabla `alumno`
--
ALTER TABLE `alumno`
  MODIFY `idAlumno` int(11) NOT NULL AUTO_INCREMENT, AUTO_INCREMENT=8;

--
-- AUTO_INCREMENT de la tabla `inscripcion`
--
ALTER TABLE `inscripcion`
  MODIFY `idInscripto` int(11) NOT NULL AUTO_INCREMENT, AUTO_INCREMENT=19;

--
-- AUTO_INCREMENT de la tabla `materia`
--
ALTER TABLE `materia`
  MODIFY `idMateria` int(11) NOT NULL AUTO_INCREMENT, AUTO_INCREMENT=5;

--
-- Restricciones para tablas volcadas
--

--
-- Filtros para la tabla `inscripcion`
--
ALTER TABLE `inscripcion`
  ADD CONSTRAINT `inscripcion_ibfk_1` FOREIGN KEY (`idAlumno`) REFERENCES `alumno` (`idAlumno`),
  ADD CONSTRAINT `inscripcion_ibfk_2` FOREIGN KEY (`idMateria`) REFERENCES `materia` (`idMateria`);
COMMIT;

/*!40101 SET CHARACTER_SET_CLIENT=@OLD_CHARACTER_SET_CLIENT */;
/*!40101 SET CHARACTER_SET_RESULTS=@OLD_CHARACTER_SET_RESULTS */;
/*!40101 SET COLLATION_CONNECTION=@OLD_COLLATION_CONNECTION */;
